<edmx:Edmx
    xmlns:edmx="http://schemas.microsoft.com/ado/2007/06/edmx"
    xmlns:m="http://schemas.microsoft.com/ado/2007/08/dataservices/metadata"
    xmlns:sap="http://www.sap.com/Protocols/SAPData" Version="1.0">
    <edmx:DataServices m:DataServiceVersion="2.0">
        <Schema
            xmlns="http://schemas.microsoft.com/ado/2008/09/edm" Namespace="ZQM_FZGPR_PRUEF_SRV" xml:lang="de" sap:schema-version="1">
            <EntityType Name="pruefmerkmal" sap:content-version="1">
                <Key>
                    <PropertyRef Name="prueflos"/>
                    <PropertyRef Name="vorglfnr"/>
                    <PropertyRef Name="merknr"/>
                </Key>
                <Property Name="prueflos" Type="Edm.String" Nullable="false" MaxLength="12" sap:unicode="false" sap:creatable="false" sap:updatable="false" sap:sortable="false" sap:filterable="false"/>
                <Property Name="vorglfnr" Type="Edm.String" Nullable="false" MaxLength="8" sap:unicode="false" sap:creatable="false" sap:updatable="false" sap:sortable="false" sap:filterable="false"/>
                <Property Name="merknr" Type="Edm.String" Nullable="false" MaxLength="4" sap:unicode="false" sap:creatable="false" sap:updatable="false" sap:sortable="false" sap:filterable="false"/>
                <Property Name="kurztext" Type="Edm.String" Nullable="false" MaxLength="40" sap:unicode="false" sap:creatable="false" sap:updatable="false" sap:sortable="false" sap:filterable="false"/>
                <Property Name="code" Type="Edm.String" Nullable="false" MaxLength="4" sap:unicode="false" sap:creatable="false" sap:updatable="false" sap:sortable="false" sap:filterable="false"/>
                <Property Name="status" Type="Edm.String" Nullable="false" MaxLength="1" sap:unicode="false" sap:creatable="false" sap:updatable="false" sap:sortable="false" sap:filterable="false"/>
            </EntityType>
            <EntityContainer Name="ZQM_FZGPR_PRUEF_SRV_Entities" m:IsDefaultEntityContainer="true" sap:supported-formats="atom json xlsx">
                <EntitySet Name="pruefmerkmalSet" EntityType="ZQM_FZGPR_PRUEF_SRV.pruefmerkmal" sap:creatable="false" sap:updatable="false" sap:deletable="false" sap:pageable="false" sap:addressable="false" sap:content-version="1"/>
            </EntityContainer>
            <atom:link
                xmlns:atom="http://www.w3.org/2005/Atom" rel="self" href="./sap/ZQM_FZGPR_PRUEF_SRV/$metadata"/>
                <atom:link
                    xmlns:atom="http://www.w3.org/2005/Atom" rel="latest-version" href="./sap/ZQM_FZGPR_PRUEF_SRV/$metadata"/>
                </Schema>
            </edmx:DataServices>
        </edmx:Edmx>